<?xml version="1.0" encoding="UTF-8"?>
<gresources>
  <gresource prefix="/org/gnome/Adwaita1/Demo">
    <file preprocess="xml-stripblanks" alias="icons/scalable/apps/org.gnome.Adwaita1.Demo.svg">data/org.gnome.Adwaita1.Demo.svg</file>
    <file preprocess="xml-stripblanks" alias="icons/symbolic/apps/org.gnome.Adwaita1.Demo-symbolic.svg">data/org.gnome.Adwaita1.Demo-symbolic.svg</file>
    <file preprocess="xml-stripblanks" alias="org.gnome.Adwaita1.Demo.metainfo.xml">data/org.gnome.Adwaita1.Demo.metainfo.xml</file>
    <file preprocess="xml-stripblanks">icons/scalable/actions/avatar-delete-symbolic.svg</file>
    <file preprocess="xml-stripblanks">icons/scalable/actions/avatar-save-symbolic.svg</file>
    <file preprocess="xml-stripblanks">icons/scalable/actions/clock-alarm-symbolic.svg</file>
    <file preprocess="xml-stripblanks">icons/scalable/actions/clock-stopwatch-symbolic.svg</file>
    <file preprocess="xml-stripblanks">icons/scalable/actions/clock-timer-symbolic.svg</file>
    <file preprocess="xml-stripblanks">icons/scalable/actions/clock-world-symbolic.svg</file>
    <file preprocess="xml-stripblanks">icons/scalable/actions/preferences-window-layout-symbolic.svg</file>
    <file preprocess="xml-stripblanks">icons/scalable/actions/preferences-window-search-symbolic.svg</file>
    <file preprocess="xml-stripblanks">icons/scalable/actions/row-forbidden-symbolic.svg</file>
    <file preprocess="xml-stripblanks">icons/scalable/actions/row-preferences-symbolic.svg</file>
    <file preprocess="xml-stripblanks">icons/scalable/actions/row-shutdown-symbolic.svg</file>
    <file preprocess="xml-stripblanks">icons/scalable/actions/style-classes-symbolic.svg</file>
    <file preprocess="xml-stripblanks">icons/scalable/actions/tab-new-symbolic.svg</file>
    <file preprocess="xml-stripblanks">icons/scalable/actions/view-sidebar-start-symbolic.svg</file>
    <file preprocess="xml-stripblanks">icons/scalable/actions/view-sidebar-start-symbolic-rtl.svg</file>
    <file preprocess="xml-stripblanks">icons/scalable/actions/view-sidebar-end-symbolic.svg</file>
    <file preprocess="xml-stripblanks">icons/scalable/actions/view-sidebar-end-symbolic-rtl.svg</file>
    <file preprocess="xml-stripblanks">icons/scalable/actions/widget-about-symbolic.svg</file>
    <file preprocess="xml-stripblanks">icons/scalable/actions/widget-banner-symbolic.svg</file>
    <file preprocess="xml-stripblanks">icons/scalable/actions/widget-carousel-symbolic.svg</file>
    <file preprocess="xml-stripblanks">icons/scalable/actions/widget-clamp-symbolic.svg</file>
    <file preprocess="xml-stripblanks">icons/scalable/actions/widget-dialog-symbolic.svg</file>
    <file preprocess="xml-stripblanks">icons/scalable/actions/widget-list-symbolic.svg</file>
    <file preprocess="xml-stripblanks">icons/scalable/actions/widget-navigation-view-symbolic.svg</file>
    <file preprocess="xml-stripblanks">icons/scalable/actions/widget-split-views-symbolic.svg</file>
    <file preprocess="xml-stripblanks">icons/scalable/actions/widget-split-views-symbolic-rtl.svg</file>
    <file preprocess="xml-stripblanks">icons/scalable/actions/widget-tab-view-symbolic.svg</file>
    <file preprocess="xml-stripblanks">icons/scalable/actions/widget-toast-symbolic.svg</file>
    <file preprocess="xml-stripblanks">icons/scalable/actions/widget-view-switcher-symbolic.svg</file>
    <file preprocess="xml-stripblanks">icons/scalable/apps/org.gnome.Boxes.svg</file>
    <file preprocess="xml-stripblanks">icons/scalable/apps/org.example.Typeset.svg</file>
    <file preprocess="xml-stripblanks">icons/scalable/status/dark-mode-symbolic.svg</file>
    <file preprocess="xml-stripblanks">icons/scalable/status/light-mode-symbolic.svg</file>
    <file preprocess="xml-stripblanks">icons/scalable/status/tab-audio-playing-symbolic.svg</file>
    <file preprocess="xml-stripblanks">icons/scalable/status/tab-audio-muted-symbolic.svg</file>
    <file compressed="true">style.css</file>
    <file compressed="true">style-dark.css</file>
  </gresource>
  <gresource prefix="/org/gnome/Adwaita1/Demo/ui">
    <file preprocess="xml-stripblanks">pages/about/adw-demo-page-about.ui</file>
    <file preprocess="xml-stripblanks">pages/animations/adw-demo-page-animations.ui</file>
    <file preprocess="xml-stripblanks">pages/avatar/adw-demo-page-avatar.ui</file>
    <file preprocess="xml-stripblanks">pages/banners/adw-demo-page-banners.ui</file>
    <file preprocess="xml-stripblanks">pages/buttons/adw-demo-page-buttons.ui</file>
    <file preprocess="xml-stripblanks">pages/carousel/adw-demo-page-carousel.ui</file>
    <file preprocess="xml-stripblanks">pages/clamp/adw-demo-page-clamp.ui</file>
    <file preprocess="xml-stripblanks">pages/dialogs/adw-demo-page-dialogs.ui</file>
    <file preprocess="xml-stripblanks">pages/lists/adw-demo-page-lists.ui</file>
    <file preprocess="xml-stripblanks">pages/navigation-view/adw-demo-page-navigation-view.ui</file>
    <file preprocess="xml-stripblanks">pages/navigation-view/adw-navigation-view-demo-window.ui</file>
    <file preprocess="xml-stripblanks">pages/split-views/adw-demo-page-split-views.ui</file>
    <file preprocess="xml-stripblanks">pages/split-views/adw-navigation-split-view-demo-window.ui</file>
    <file preprocess="xml-stripblanks">pages/split-views/adw-overlay-split-view-demo-window.ui</file>
    <file preprocess="xml-stripblanks">pages/styles/adw-demo-page-styles.ui</file>
    <file preprocess="xml-stripblanks">pages/styles/adw-style-demo-window.ui</file>
    <file preprocess="xml-stripblanks">pages/tab-view/adw-demo-page-tab-view.ui</file>
    <file preprocess="xml-stripblanks">pages/tab-view/adw-tab-view-demo-page.ui</file>
    <file preprocess="xml-stripblanks">pages/tab-view/adw-tab-view-demo-window.ui</file>
    <file preprocess="xml-stripblanks">pages/toasts/adw-demo-page-toasts.ui</file>
    <file preprocess="xml-stripblanks">pages/view-switcher/adw-demo-page-view-switcher.ui</file>
    <file preprocess="xml-stripblanks">pages/view-switcher/adw-view-switcher-demo-window.ui</file>
    <file preprocess="xml-stripblanks">pages/welcome/adw-demo-page-welcome.ui</file>
    <file preprocess="xml-stripblanks">adw-demo-preferences-window.ui</file>
    <file preprocess="xml-stripblanks">adw-demo-window.ui</file>
  </gresource>
</gresources>
