<?xml version='1.0' encoding='utf-8' ?>
<!DOCTYPE book PUBLIC "-//OASIS//DTD DocBook XML V4.5//EN" "http://www.oasis-open.org/docbook/xml/4.5/docbookx.dtd" [
<!ENTITY % BOOK_ENTITIES SYSTEM "AppStream.ent">
%BOOK_ENTITIES;
]>

<book lang="en">
	<xi:include href="Book_Info.xml" xmlns:xi="http://www.w3.org/2001/XInclude" />
	<xi:include href="Project_Desc.xml" xmlns:xi="http://www.w3.org/2001/XInclude" />

	<xi:include href="MetaInfo.xml" xmlns:xi="http://www.w3.org/2001/XInclude" />
	<xi:include href="CatalogData.xml" xmlns:xi="http://www.w3.org/2001/XInclude" />

	<xi:include href="Miscellaneous.xml" xmlns:xi="http://www.w3.org/2001/XInclude" />

	<xi:include href="Quickstart.xml" xmlns:xi="http://www.w3.org/2001/XInclude" />
	<xi:include href="Manpages.xml" xmlns:xi="http://www.w3.org/2001/XInclude" />
	<xi:include href="APIDoc.xml" xmlns:xi="http://www.w3.org/2001/XInclude" />

	<index />
</book>
