<?xml version='1.0' encoding='utf-8' ?>
<!DOCTYPE authorgroup PUBLIC "-//OASIS//DTD DocBook XML V4.5//EN" "http://www.oasis-open.org/docbook/xml/4.5/docbookx.dtd" [
<!ENTITY % BOOK_ENTITIES SYSTEM "AppStream.ent">
%BOOK_ENTITIES;
]>
<authorgroup>
	<author>
		<firstname>Matthias</firstname>
		<surname>Klumpp</surname>
		<affiliation>
			<orgname>Debian</orgname>
		</affiliation>
		<email>mak@debian.org</email>
	</author>
	<author>
		<firstname>Michael</firstname>
		<surname>Vogt</surname>
		<affiliation>
			<orgname>Canonical / Ubuntu / Debian</orgname>
		</affiliation>
		<email>mvo@ubuntu.com</email>
	</author>
	<author>
		<firstname>Richard</firstname>
		<surname>Hughes</surname>
		<affiliation>
			<orgname>Fedora / Red Hat</orgname>
		</affiliation>
		<email>richard@hughsie.com</email>
	</author>
	<author>
		<firstname>Vincent</firstname>
		<surname>Untz</surname>
		<affiliation>
			<orgname>OpenSUSE</orgname>
		</affiliation>
		<email>vuntz@opensuse.org</email>
	</author>
</authorgroup>
