<?xml version='1.0' encoding='utf-8' ?>
<!DOCTYPE legalnotice PUBLIC "-//OASIS//DTD DocBook XML V4.5//EN" "http://www.oasis-open.org/docbook/xml/4.5/docbookx.dtd" [
<!ENTITY % BOOK_ENTITIES SYSTEM "AppStream.ent">
%BOOK_ENTITIES;
]>
<legalnotice>
	<para>
		Copyright <trademark class="copyright"></trademark> &YEAR; Matthias Klumpp. This documentation is dual-licensed under the
		<ulink url="https://www.gnu.org/licenses/fdl.txt">GNU Free Documentation License (GFDL), v1.3</ulink> with no invariant sections or later
		or the <ulink url="https://creativecommons.org/licenses/by-sa/4.0/">CC Attribution-ShareAlike 4.0 International</ulink> license
		(SPDX: CC-BY-SA-4.0 OR GFDL-1.3-or-later).
	</para>
</legalnotice>
